{
  "at": {
    "total_jobs": 4396883,
    "avg_growth": 4.258507902075174,
    "avg_pay": 51320.30216314603,
    "avg_exposure": 5.01213473271861
  },
  "be": {
    "total_jobs": 4959582,
    "avg_growth": 4.206822066859667,
    "avg_pay": 55800.44403157363,
    "avg_exposure": 5.296913933472619
  },
  "bg": {
    "total_jobs": 2822740,
    "avg_growth": 3.9806981868680786,
    "avg_pay": 12161.27913020682,
    "avg_exposure": 4.485037941857911
  },
  "cy": {
    "total_jobs": 464044,
    "avg_growth": 4.173897302841972,
    "avg_pay": 25794.343299342305,
    "avg_exposure": 4.9576721172992215
  },
  "cz": {
    "total_jobs": 4892291,
    "avg_growth": 3.9566160312213645,
    "avg_pay": 18684.49506928349,
    "avg_exposure": 4.769551525042153
  },
  "de": {
    "total_jobs": 40475875,
    "avg_growth": 3.9573671230084586,
    "avg_pay": 56218.352067867585,
    "avg_exposure": 5.254029739937679
  },
  "dk": {
    "total_jobs": 2823002,
    "avg_growth": 4.974276320030945,
    "avg_pay": 65180.66371685178,
    "avg_exposure": 5.080494098126746
  },
  "ee": {
    "total_jobs": 651819,
    "avg_growth": 4.315742560434722,
    "avg_pay": 22476.035046538993,
    "avg_exposure": 4.945803973188876
  },
  "el": {
    "total_jobs": 4081621,
    "avg_growth": 3.741246676259261,
    "avg_pay": 18493.083974969748,
    "avg_exposure": 4.743109416577385
  },
  "es": {
    "total_jobs": 20864720,
    "avg_growth": 4.030036300511102,
    "avg_pay": 27072.043566268803,
    "avg_exposure": 4.6602182056600805
  },
  "eu": {
    "total_jobs": 197930334,
    "avg_growth": 4.089909331431735,
    "avg_pay": 44270.90848142559,
    "avg_exposure": 4.963555086003139
  },
  "fi": {
    "total_jobs": 2512944,
    "avg_growth": 4.848673905984375,
    "avg_pay": 49709.92389643382,
    "avg_exposure": 4.957084996720978
  },
  "fr": {
    "total_jobs": 27736180,
    "avg_growth": 4.3143146604903775,
    "avg_pay": 45826.561613207006,
    "avg_exposure": 5.016788108528283
  },
  "hr": {
    "total_jobs": 1584974,
    "avg_growth": 4.086399524534787,
    "avg_pay": 16751.348474486018,
    "avg_exposure": 4.775641114617653
  },
  "hu": {
    "total_jobs": 4580462,
    "avg_growth": 3.7716134311342393,
    "avg_pay": 16375.490008431463,
    "avg_exposure": 4.739295293793508
  },
  "ie": {
    "total_jobs": 2555779,
    "avg_growth": 4.608345244248427,
    "avg_pay": 58488.556238234996,
    "avg_exposure": 5.136750869304428
  },
  "it": {
    "total_jobs": 22849231,
    "avg_growth": 3.6188661666556743,
    "avg_pay": 33234.87007532114,
    "avg_exposure": 4.847412107654739
  },
  "lt": {
    "total_jobs": 1368432,
    "avg_growth": 4.5640243724204055,
    "avg_pay": 19910.131808522456,
    "avg_exposure": 4.8141902557087235
  },
  "lu": {
    "total_jobs": 306801,
    "avg_growth": 5.411618606197503,
    "avg_pay": 81921.99253913775,
    "avg_exposure": 5.796662983497447
  },
  "lv": {
    "total_jobs": 830427,
    "avg_growth": 4.2442610849599065,
    "avg_pay": 17385.91609256443,
    "avg_exposure": 4.670019158818294
  },
  "mt": {
    "total_jobs": 297170,
    "avg_growth": 4.288683245280479,
    "avg_pay": 25199.326096173907,
    "avg_exposure": 5.017639734831914
  },
  "nl": {
    "total_jobs": 9270929,
    "avg_growth": 4.846505134490837,
    "avg_pay": 56580.72452339997,
    "avg_exposure": 5.367320362393024
  },
  "pl": {
    "total_jobs": 16767474,
    "avg_growth": 3.91213333624373,
    "avg_pay": 17383.510766559113,
    "avg_exposure": 4.9077317191605605
  },
  "pt": {
    "total_jobs": 4825513,
    "avg_growth": 4.169273816068882,
    "avg_pay": 20992.001887260485,
    "avg_exposure": 4.820691188688125
  },
  "ro": {
    "total_jobs": 7620686,
    "avg_growth": 3.6229036336098877,
    "avg_pay": 12372.192918590268,
    "avg_exposure": 4.108382237504602
  },
  "se": {
    "total_jobs": 5061118,
    "avg_growth": 5.190516206103078,
    "avg_pay": 56376.53627340837,
    "avg_exposure": 5.382312366556164
  },
  "si": {
    "total_jobs": 964658,
    "avg_growth": 4.106166123123428,
    "avg_pay": 26189.180170588956,
    "avg_exposure": 4.734944405167427
  },
  "sk": {
    "total_jobs": 2541189,
    "avg_growth": 3.832736565442397,
    "avg_pay": 16584.243061023797,
    "avg_exposure": 4.81094204327187
  }
}